,Full_Taxon,read1000_rep1,read1000_rep2,read1000_rep3,read1000_rep4,read1000_rep5,read10000_rep1,read10000_rep2,read10000_rep3,read10000_rep4,read10000_rep5,read100000_rep1,read100000_rep2,read100000_rep3,read100000_rep4,read100000_rep5,read1000000_rep1,read1000000_rep2,read1000000_rep3,read1000000_rep4,read1000000_rep5,read10000000_rep1,read10000000_rep2,read10000000_rep3,read10000000_rep4,read10000000_rep5,Kingdom,Phylum,Class,Order,Family,Genus,Species
0,k__Bacteria|p__Actinobacteria|c__Actinobacteria|o__Actinomycetales|f__Actinomycetaceae|g__Actinomyces|s__Actinomyces_oris,0,2,0,2,0,5,5,5,5,3,28,30,44,31,31,275,330,276,264,291,2967,3023,2925,2980,2966,Bacteria,Actinobacteria,Actinobacteria,Actinomycetales,Actinomycetaceae,Actinomyces,Actinomyces_oris
1,k__Bacteria|p__Actinobacteria|c__Actinobacteria|o__Actinomycetales|f__Actinomycetaceae|g__Actinomyces|s__Actinomyces_sp_oral_taxon_448,0,0,0,0,0,0,0,0,0,0,4,5,0,0,5,26,32,26,23,34,279,305,338,295,289,Bacteria,Actinobacteria,Actinobacteria,Actinomycetales,Actinomycetaceae,Actinomyces,Actinomyces_sp_oral_taxon_448
2,k__Bacteria|p__Actinobacteria|c__Actinobacteria|o__Bifidobacteriales|f__Bifidobacteriaceae|g__Scardovia|s__Scardovia_wiggsiae,0,0,0,0,0,2,1,2,1,0,16,11,15,16,10,134,142,137,135,144,1348,1350,1333,1334,1366,Bacteria,Actinobacteria,Actinobacteria,Bifidobacteriales,Bifidobacteriaceae,Scardovia,Scardovia_wiggsiae
3,k__Bacteria|p__Actinobacteria|c__Actinobacteria|o__Micrococcales|f__Micrococcaceae|g__Rothia|s__Rothia_dentocariosa,0,0,0,0,0,0,0,0,0,1,5,1,3,3,5,39,34,39,32,37,318,321,339,345,359,Bacteria,Actinobacteria,Actinobacteria,Micrococcales,Micrococcaceae,Rothia,Rothia_dentocariosa
4,k__Bacteria|p__Actinobacteria|c__Actinobacteria|o__Micrococcales|f__Micrococcaceae|g__Rothia|s__Rothia_mucilaginosa,1,0,0,0,0,2,3,1,3,3,29,25,21,28,25,253,253,268,233,252,2439,2381,2425,2467,2398,Bacteria,Actinobacteria,Actinobacteria,Micrococcales,Micrococcaceae,Rothia,Rothia_mucilaginosa
5,k__Bacteria|p__Actinobacteria|c__Coriobacteriia|o__Eggerthellales|f__Eggerthellaceae|g__Adlercreutzia|s__Adlercreutzia_equolifaciens,9,11,8,4,6,90,93,97,88,94,916,898,885,944,978,9184,9307,9438,9364,9226,92969,92459,92663,92584,92576,Bacteria,Actinobacteria,Coriobacteriia,Eggerthellales,Eggerthellaceae,Adlercreutzia,Adlercreutzia_equolifaciens
6,k__Bacteria|p__Actinobacteria|c__Coriobacteriia|o__Eggerthellales|f__Eggerthellaceae|g__Eggerthella|s__Eggerthella_lenta,14,12,14,15,11,144,136,110,130,116,1333,1338,1236,1263,1250,13271,13019,13205,13226,13337,130744,131679,131791,131952,131376,Bacteria,Actinobacteria,Coriobacteriia,Eggerthellales,Eggerthellaceae,Eggerthella,Eggerthella_lenta
7,k__Bacteria|p__Actinobacteria|c__Coriobacteriia|o__Eggerthellales|f__Eggerthellaceae|g__GGB45432|s__GGB45432_SGB63101,0,0,0,0,1,3,5,6,6,5,35,35,26,26,28,314,293,322,307,298,3109,2969,2988,3081,3057,Bacteria,Actinobacteria,Coriobacteriia,Eggerthellales,Eggerthellaceae,GGB45432,GGB45432_SGB63101
8,k__Bacteria|p__Actinobacteria|c__Coriobacteriia|o__Eggerthellales|f__Eggerthellaceae|g__Gordonibacter|s__Gordonibacter_pamelaeae,1,1,2,5,2,36,30,37,37,37,331,360,384,364,371,3661,3533,3552,3554,3542,35621,35546,35830,35421,35331,Bacteria,Actinobacteria,Coriobacteriia,Eggerthellales,Eggerthellaceae,Gordonibacter,Gordonibacter_pamelaeae
9,k__Bacteria|p__Actinobacteria|c__Coriobacteriia|o__Eggerthellales|f__Eggerthellaceae|g__Gordonibacter|s__Gordonibacter_urolithinfaciens,0,0,0,0,0,0,0,0,0,0,8,9,6,2,11,61,39,50,50,57,490,480,519,513,502,Bacteria,Actinobacteria,Coriobacteriia,Eggerthellales,Eggerthellaceae,Gordonibacter,Gordonibacter_urolithinfaciens
10,k__Bacteria|p__Bacteroidetes|c__Bacteroidia|o__Bacteroidales|f__Bacteroidaceae|g__Bacteroides|s__Bacteroides_fragilis,6,10,8,14,9,93,106,104,104,89,1032,1019,1114,1021,985,10602,10775,10645,10657,10526,106147,105808,105671,105854,106007,Bacteria,Bacteroidetes,Bacteroidia,Bacteroidales,Bacteroidaceae,Bacteroides,Bacteroides_fragilis
11,k__Bacteria|p__Bacteroidetes|c__Bacteroidia|o__Bacteroidales|f__Bacteroidaceae|g__Bacteroides|s__Bacteroides_intestinalis,27,30,21,30,29,257,274,277,269,266,2702,2748,2810,2692,2717,26910,26905,26767,26752,26656,269217,269087,269716,269202,268790,Bacteria,Bacteroidetes,Bacteroidia,Bacteroidales,Bacteroidaceae,Bacteroides,Bacteroides_intestinalis
12,k__Bacteria|p__Bacteroidetes|c__Bacteroidia|o__Bacteroidales|f__Bacteroidaceae|g__Bacteroides|s__Bacteroides_thetaiotaomicron,27,21,16,25,25,223,216,203,234,206,2054,2032,2073,2125,2056,21045,21207,20860,20714,20910,209286,208936,209756,209501,209968,Bacteria,Bacteroidetes,Bacteroidia,Bacteroidales,Bacteroidaceae,Bacteroides,Bacteroides_thetaiotaomicron
13,k__Bacteria|p__Bacteroidetes|c__Bacteroidia|o__Bacteroidales|f__Rikenellaceae|g__Alistipes|s__Alistipes_finegoldii,0,0,0,1,1,0,2,2,0,2,10,13,12,7,7,129,162,166,157,148,1505,1544,1469,1548,1476,Bacteria,Bacteroidetes,Bacteroidia,Bacteroidales,Rikenellaceae,Alistipes,Alistipes_finegoldii
14,k__Bacteria|p__Bacteroidetes|c__Bacteroidia|o__Bacteroidales|f__Rikenellaceae|g__Alistipes|s__Alistipes_shahii,0,0,0,0,0,0,0,0,0,4,9,20,13,13,29,121,157,145,130,124,1426,1472,1455,1425,1486,Bacteria,Bacteroidetes,Bacteroidia,Bacteroidales,Rikenellaceae,Alistipes,Alistipes_shahii
15,k__Bacteria|p__Bacteroidetes|c__Bacteroidia|o__Bacteroidales|f__Tannerellaceae|g__Parabacteroides|s__Parabacteroides_distasonis,40,41,53,44,42,449,455,438,449,444,4735,4587,4617,4630,4710,46345,46223,46694,46437,46782,465851,466550,465448,466274,465006,Bacteria,Bacteroidetes,Bacteroidia,Bacteroidales,Tannerellaceae,Parabacteroides,Parabacteroides_distasonis
16,k__Bacteria|p__Firmicutes|c__Bacilli|o__Lactobacillales|f__Lactobacillaceae|g__Lacticaseibacillus|s__Lacticaseibacillus_rhamnosus,0,0,0,1,0,5,7,2,3,1,37,45,29,44,28,310,328,306,354,326,3312,3323,3272,3247,3275,Bacteria,Firmicutes,Bacilli,Lactobacillales,Lactobacillaceae,Lacticaseibacillus,Lacticaseibacillus_rhamnosus
17,k__Bacteria|p__Firmicutes|c__Bacilli|o__Lactobacillales|f__Lactobacillaceae|g__Lactobacillus|s__Lactobacillus_crispatus,0,0,0,0,0,3,3,2,2,0,11,10,9,7,13,124,120,123,119,129,1312,1205,1235,1205,1274,Bacteria,Firmicutes,Bacilli,Lactobacillales,Lactobacillaceae,Lactobacillus,Lactobacillus_crispatus
18,k__Bacteria|p__Firmicutes|c__Bacilli|o__Lactobacillales|f__Streptococcaceae|g__Streptococcus|s__Streptococcus_anginosus,0,0,0,0,0,0,0,1,0,0,5,13,9,7,8,56,46,67,73,65,593,583,578,605,613,Bacteria,Firmicutes,Bacilli,Lactobacillales,Streptococcaceae,Streptococcus,Streptococcus_anginosus
19,k__Bacteria|p__Firmicutes|c__Bacilli|o__Lactobacillales|f__Streptococcaceae|g__Streptococcus|s__Streptococcus_gordonii,0,0,0,0,1,0,2,1,0,0,8,6,3,4,4,58,62,51,55,56,481,516,503,550,509,Bacteria,Firmicutes,Bacilli,Lactobacillales,Streptococcaceae,Streptococcus,Streptococcus_gordonii
20,k__Bacteria|p__Firmicutes|c__Bacilli|o__Lactobacillales|f__Streptococcaceae|g__Streptococcus|s__Streptococcus_mutans,0,2,0,0,1,8,8,10,13,7,78,92,119,103,112,1019,1080,1021,1021,998,10345,10216,10320,10386,10400,Bacteria,Firmicutes,Bacilli,Lactobacillales,Streptococcaceae,Streptococcus,Streptococcus_mutans
21,k__Bacteria|p__Firmicutes|c__Bacilli|o__Lactobacillales|f__Streptococcaceae|g__Streptococcus|s__Streptococcus_parasanguinis,0,3,1,0,2,8,9,13,9,13,75,66,94,76,103,907,916,921,906,925,9204,9026,9228,9152,9080,Bacteria,Firmicutes,Bacilli,Lactobacillales,Streptococcaceae,Streptococcus,Streptococcus_parasanguinis
22,k__Bacteria|p__Firmicutes|c__Bacilli|o__Lactobacillales|f__Streptococcaceae|g__Streptococcus|s__Streptococcus_salivarius,0,0,2,0,0,5,5,12,7,7,62,71,74,62,71,704,734,693,707,705,7104,7212,7168,7086,7186,Bacteria,Firmicutes,Bacilli,Lactobacillales,Streptococcaceae,Streptococcus,Streptococcus_salivarius
23,k__Bacteria|p__Firmicutes|c__Bacilli|o__Lactobacillales|f__Streptococcaceae|g__Streptococcus|s__Streptococcus_sobrinus,2,2,1,0,1,27,22,22,19,29,217,230,232,249,213,2357,2261,2316,2355,2248,22816,23035,22873,23121,23010,Bacteria,Firmicutes,Bacilli,Lactobacillales,Streptococcaceae,Streptococcus,Streptococcus_sobrinus
24,k__Bacteria|p__Firmicutes|c__Bacilli|o__Lactobacillales|f__Streptococcaceae|g__Streptococcus|s__Streptococcus_thermophilus,3,5,8,6,6,77,84,70,65,69,680,678,672,695,678,6705,6972,6848,6894,6740,68488,68652,68656,68717,68748,Bacteria,Firmicutes,Bacilli,Lactobacillales,Streptococcaceae,Streptococcus,Streptococcus_thermophilus
25,k__Bacteria|p__Firmicutes|c__CFGB1340|o__OFGB1340|f__FGB1340|g__GGB3256|s__GGB3256_SGB4303,52,46,52,50,46,502,556,543,540,556,5587,5618,5544,5494,5639,55043,54999,55000,55178,54899,552238,550862,551817,552766,551662,Bacteria,Firmicutes,CFGB1340,OFGB1340,FGB1340,GGB3256,GGB3256_SGB4303
26,k__Bacteria|p__Firmicutes|c__CFGB3035|o__OFGB3035|f__FGB3035|g__GGB9524|s__GGB9524_SGB14923,1,0,0,0,0,0,1,0,1,0,0,1,2,9,8,34,24,32,30,37,376,388,371,365,345,Bacteria,Firmicutes,CFGB3035,OFGB3035,FGB3035,GGB9524,GGB9524_SGB14923
27,k__Bacteria|p__Firmicutes|c__CFGB3053|o__OFGB3053|f__FGB3053|g__GGB9581|s__GGB9581_SGB14999,0,0,1,0,0,6,9,6,4,11,98,73,87,82,84,833,866,770,807,799,8090,8010,8092,8008,8019,Bacteria,Firmicutes,CFGB3053,OFGB3053,FGB3053,GGB9581,GGB9581_SGB14999
28,k__Bacteria|p__Firmicutes|c__Clostridia|o__Clostridia_unclassified|f__Clostridia_unclassified|g__Clostridia_unclassified|s__Clostridia_bacterium,4,8,4,1,6,46,44,44,33,57,390,380,426,412,433,4249,4125,4211,4285,4133,42086,42283,42166,41977,42094,Bacteria,Firmicutes,Clostridia,Clostridia_unclassified,Clostridia_unclassified,Clostridia_unclassified,Clostridia_bacterium
29,k__Bacteria|p__Firmicutes|c__Clostridia|o__Clostridia_unclassified|f__Clostridia_unclassified|g__Clostridia_unclassified|s__Clostridia_bacterium_UC5_1_1D1,0,0,1,0,0,4,4,3,3,5,29,44,33,33,38,383,392,327,396,371,3733,3661,3692,3606,3752,Bacteria,Firmicutes,Clostridia,Clostridia_unclassified,Clostridia_unclassified,Clostridia_unclassified,Clostridia_bacterium_UC5_1_1D1
30,k__Bacteria|p__Firmicutes|c__Clostridia|o__Clostridia_unclassified|f__Clostridia_unclassified|g__Clostridia_unclassified|s__Clostridia_unclassified_SGB4121,0,0,0,0,0,3,4,6,1,3,16,14,13,23,23,184,211,210,202,199,2029,1977,2040,1946,2064,Bacteria,Firmicutes,Clostridia,Clostridia_unclassified,Clostridia_unclassified,Clostridia_unclassified,Clostridia_unclassified_SGB4121
31,k__Bacteria|p__Firmicutes|c__Clostridia|o__Clostridia_unclassified|f__Clostridia_unclassified|g__GGB3005|s__GGB3005_SGB3996,1,5,4,4,3,38,44,45,36,34,377,415,353,397,374,3694,3859,3859,3890,3859,38140,38685,38526,38353,38418,Bacteria,Firmicutes,Clostridia,Clostridia_unclassified,Clostridia_unclassified,GGB3005,GGB3005_SGB3996
32,k__Bacteria|p__Firmicutes|c__Clostridia|o__Clostridiales|f__Catabacteriaceae|g__Catabacter|s__Catabacter_hongkongensis,0,1,0,0,0,1,0,2,2,2,14,15,11,25,12,135,136,136,158,143,1513,1502,1500,1522,1480,Bacteria,Firmicutes,Clostridia,Clostridiales,Catabacteriaceae,Catabacter,Catabacter_hongkongensis
33,k__Bacteria|p__Firmicutes|c__Clostridia|o__Clostridiales|f__Clostridiaceae|g__Clostridiaceae_unclassified|s__Clostridiaceae_bacterium,20,23,16,20,16,162,172,173,183,158,1878,1744,1828,1744,1847,18541,18125,18222,18134,18092,181763,181303,180967,181539,181787,Bacteria,Firmicutes,Clostridia,Clostridiales,Clostridiaceae,Clostridiaceae_unclassified,Clostridiaceae_bacterium
34,k__Bacteria|p__Firmicutes|c__Clostridia|o__Clostridiales|f__Clostridiaceae|g__Clostridium|s__Clostridium_massiliamazoniense,0,0,0,0,1,10,3,4,5,7,57,59,54,61,63,573,592,582,591,587,5855,5770,5849,5775,5696,Bacteria,Firmicutes,Clostridia,Clostridiales,Clostridiaceae,Clostridium,Clostridium_massiliamazoniense
35,k__Bacteria|p__Firmicutes|c__Clostridia|o__Clostridiales|f__Clostridiaceae|g__Clostridium|s__Clostridium_phoceensis,0,0,0,0,0,1,0,1,2,4,14,18,18,15,14,124,127,124,152,126,1455,1445,1477,1449,1418,Bacteria,Firmicutes,Clostridia,Clostridiales,Clostridiaceae,Clostridium,Clostridium_phoceensis
36,k__Bacteria|p__Firmicutes|c__Clostridia|o__Clostridiales|f__Clostridiaceae|g__Clostridium|s__Clostridium_sp_AT4,7,3,5,6,4,45,41,40,35,42,394,465,468,446,411,4413,4435,4455,4491,4529,44646,44611,44823,44520,44406,Bacteria,Firmicutes,Clostridia,Clostridiales,Clostridiaceae,Clostridium,Clostridium_sp_AT4
37,k__Bacteria|p__Firmicutes|c__Clostridia|o__Clostridiales|f__Clostridiaceae|g__Clostridium|s__Clostridium_sp_chh4_2,0,3,0,0,0,4,5,5,3,3,34,38,35,20,32,309,339,334,309,307,3203,3184,3197,3197,3212,Bacteria,Firmicutes,Clostridia,Clostridiales,Clostridiaceae,Clostridium,Clostridium_sp_chh4_2
38,k__Bacteria|p__Firmicutes|c__Clostridia|o__Clostridiales|f__Clostridiaceae|g__Hungatella|s__Hungatella_hathewayi,1,2,2,1,1,14,19,17,17,16,202,178,209,181,214,1880,1891,1859,1831,1858,18613,18724,18799,18772,18491,Bacteria,Firmicutes,Clostridia,Clostridiales,Clostridiaceae,Hungatella,Hungatella_hathewayi
39,k__Bacteria|p__Firmicutes|c__Clostridia|o__Clostridiales|f__Clostridiaceae|g__Lactonifactor|s__Lactonifactor_sp_BIOML_A6,0,0,0,0,0,2,0,0,0,0,5,6,5,1,1,47,41,39,54,46,475,469,455,457,456,Bacteria,Firmicutes,Clostridia,Clostridiales,Clostridiaceae,Lactonifactor,Lactonifactor_sp_BIOML_A6
40,k__Bacteria|p__Firmicutes|c__Clostridia|o__Clostridiales|f__Clostridiales_Family_XIII_Incertae_Sedis|g__Emergencia|s__Emergencia_timonensis,1,0,1,0,0,0,2,1,1,1,10,11,15,11,9,93,86,102,98,96,971,912,985,955,981,Bacteria,Firmicutes,Clostridia,Clostridiales,Clostridiales_Family_XIII_Incertae_Sedis,Emergencia,Emergencia_timonensis
41,k__Bacteria|p__Firmicutes|c__Clostridia|o__Clostridiales|f__Clostridiales_unclassified|g__Clostridiales_unclassified|s__Clostridiales_bacterium,0,1,0,0,0,3,3,6,8,4,49,59,57,51,59,581,556,559,521,526,5413,5389,5392,5511,5444,Bacteria,Firmicutes,Clostridia,Clostridiales,Clostridiales_unclassified,Clostridiales_unclassified,Clostridiales_bacterium
42,k__Bacteria|p__Firmicutes|c__Clostridia|o__Clostridiales|f__Clostridiales_unclassified|g__Clostridiales_unclassified|s__Clostridiales_bacterium_1_7_47FAA,0,0,0,0,1,7,12,4,10,7,57,67,68,60,55,600,607,587,570,562,5798,5811,6010,5857,5873,Bacteria,Firmicutes,Clostridia,Clostridiales,Clostridiales_unclassified,Clostridiales_unclassified,Clostridiales_bacterium_1_7_47FAA
43,k__Bacteria|p__Firmicutes|c__Clostridia|o__Clostridiales|f__Clostridiales_unclassified|g__Evtepia|s__Evtepia_gabavorous,1,1,1,2,1,11,14,8,5,6,99,90,101,89,76,842,854,869,842,835,8685,8613,8678,8684,8720,Bacteria,Firmicutes,Clostridia,Clostridiales,Clostridiales_unclassified,Evtepia,Evtepia_gabavorous
44,k__Bacteria|p__Firmicutes|c__Clostridia|o__Clostridiales|f__Clostridiales_unclassified|g__Intestinimonas|s__Intestinimonas_gabonensis,0,0,0,0,0,0,0,0,0,0,0,0,0,0,0,0,1,1,1,1,8,7,10,8,7,Bacteria,Firmicutes,Clostridia,Clostridiales,Clostridiales_unclassified,Intestinimonas,Intestinimonas_gabonensis
45,k__Bacteria|p__Firmicutes|c__Clostridia|o__Clostridiales|f__Clostridiales_unclassified|g__Intestinimonas|s__Intestinimonas_massiliensis,0,0,0,1,0,0,0,0,0,0,4,6,4,6,4,39,36,53,39,51,429,439,414,424,390,Bacteria,Firmicutes,Clostridia,Clostridiales,Clostridiales_unclassified,Intestinimonas,Intestinimonas_massiliensis
46,k__Bacteria|p__Firmicutes|c__Clostridia|o__Clostridiales|f__Clostridiales_unclassified|g__Monoglobus|s__Monoglobus_pectinilyticus,23,21,26,30,20,258,241,252,257,236,2414,2396,2449,2400,2409,24169,24478,24584,24248,24520,243387,242440,242623,243020,242488,Bacteria,Firmicutes,Clostridia,Clostridiales,Clostridiales_unclassified,Monoglobus,Monoglobus_pectinilyticus
47,k__Bacteria|p__Firmicutes|c__Clostridia|o__Clostridiales|f__Eubacteriaceae|g__Anaerofustis|s__Anaerofustis_stercorihominis,1,0,2,4,9,18,19,18,18,17,192,186,195,189,191,1977,1913,2078,1968,1989,19799,19694,19833,19837,19857,Bacteria,Firmicutes,Clostridia,Clostridiales,Eubacteriaceae,Anaerofustis,Anaerofustis_stercorihominis
48,k__Bacteria|p__Firmicutes|c__Clostridia|o__Clostridiales|f__Eubacteriaceae|g__Eubacterium|s__Eubacterium_callanderi,2,1,0,4,2,8,13,15,10,11,121,129,117,117,117,1279,1275,1242,1331,1251,12675,12585,12572,12568,12631,Bacteria,Firmicutes,Clostridia,Clostridiales,Eubacteriaceae,Eubacterium,Eubacterium_callanderi
49,k__Bacteria|p__Firmicutes|c__Clostridia|o__Clostridiales|f__Lachnospiraceae|g__Anaerostipes|s__Anaerostipes_caccae,0,0,1,2,1,3,2,3,7,4,61,55,58,56,52,552,531,536,572,556,5455,5442,5467,5466,5482,Bacteria,Firmicutes,Clostridia,Clostridiales,Lachnospiraceae,Anaerostipes,Anaerostipes_caccae
50,k__Bacteria|p__Firmicutes|c__Clostridia|o__Clostridiales|f__Lachnospiraceae|g__Anaerostipes|s__Anaerostipes_hadrus,7,7,10,10,10,113,125,98,120,101,1017,993,1012,1056,1016,10184,10178,10233,10245,10155,103123,103272,103357,103278,102985,Bacteria,Firmicutes,Clostridia,Clostridiales,Lachnospiraceae,Anaerostipes,Anaerostipes_hadrus
51,k__Bacteria|p__Firmicutes|c__Clostridia|o__Clostridiales|f__Lachnospiraceae|g__Blautia|s__Blautia_caecimuris,3,7,4,11,3,57,63,70,61,82,626,689,685,658,649,6817,6695,6691,6592,6702,67022,66906,66744,67103,67193,Bacteria,Firmicutes,Clostridia,Clostridiales,Lachnospiraceae,Blautia,Blautia_caecimuris
52,k__Bacteria|p__Firmicutes|c__Clostridia|o__Clostridiales|f__Lachnospiraceae|g__Blautia|s__Blautia_hydrogenotrophica,2,4,4,2,4,50,35,44,40,31,411,372,425,382,383,4127,3986,4071,4051,4058,40540,40642,40966,40873,40569,Bacteria,Firmicutes,Clostridia,Clostridiales,Lachnospiraceae,Blautia,Blautia_hydrogenotrophica
53,k__Bacteria|p__Firmicutes|c__Clostridia|o__Clostridiales|f__Lachnospiraceae|g__Blautia|s__Blautia_producta,4,6,3,5,4,48,32,46,40,42,450,402,380,462,394,4344,4239,4352,4250,4322,43161,43022,43223,42734,43309,Bacteria,Firmicutes,Clostridia,Clostridiales,Lachnospiraceae,Blautia,Blautia_producta
54,k__Bacteria|p__Firmicutes|c__Clostridia|o__Clostridiales|f__Lachnospiraceae|g__Blautia|s__Blautia_wexlerae,250,256,236,238,251,2443,2445,2389,2423,2459,24703,24705,24294,24400,24562,244194,243663,244547,244020,243642,2442497,2442564,2444249,2441032,2442449,Bacteria,Firmicutes,Clostridia,Clostridiales,Lachnospiraceae,Blautia,Blautia_wexlerae
55,k__Bacteria|p__Firmicutes|c__Clostridia|o__Clostridiales|f__Lachnospiraceae|g__Cuneatibacter|s__Cuneatibacter_caecimuris,0,0,0,0,2,7,2,0,3,5,32,36,40,33,34,357,336,334,326,340,3454,3342,3319,3289,3346,Bacteria,Firmicutes,Clostridia,Clostridiales,Lachnospiraceae,Cuneatibacter,Cuneatibacter_caecimuris
56,k__Bacteria|p__Firmicutes|c__Clostridia|o__Clostridiales|f__Lachnospiraceae|g__Eisenbergiella|s__Eisenbergiella_tayi,1,0,0,4,0,22,17,19,18,25,192,162,204,202,209,2033,2089,2034,2069,2011,20144,20052,20139,20242,20044,Bacteria,Firmicutes,Clostridia,Clostridiales,Lachnospiraceae,Eisenbergiella,Eisenbergiella_tayi
57,k__Bacteria|p__Firmicutes|c__Clostridia|o__Clostridiales|f__Lachnospiraceae|g__Enterocloster|s__Enterocloster_aldensis,0,0,0,0,0,0,0,0,0,0,13,7,8,9,4,101,99,86,92,83,860,888,868,922,865,Bacteria,Firmicutes,Clostridia,Clostridiales,Lachnospiraceae,Enterocloster,Enterocloster_aldensis
58,k__Bacteria|p__Firmicutes|c__Clostridia|o__Clostridiales|f__Lachnospiraceae|g__Enterocloster|s__Enterocloster_bolteae,0,0,0,0,1,7,5,8,3,6,61,48,65,62,60,634,631,619,584,609,6077,6121,6170,6224,6127,Bacteria,Firmicutes,Clostridia,Clostridiales,Lachnospiraceae,Enterocloster,Enterocloster_bolteae
59,k__Bacteria|p__Firmicutes|c__Clostridia|o__Clostridiales|f__Lachnospiraceae|g__Enterocloster|s__Enterocloster_citroniae,0,0,0,0,0,0,4,3,2,0,14,17,9,17,19,146,150,158,142,145,1486,1523,1579,1437,1529,Bacteria,Firmicutes,Clostridia,Clostridiales,Lachnospiraceae,Enterocloster,Enterocloster_citroniae
60,k__Bacteria|p__Firmicutes|c__Clostridia|o__Clostridiales|f__Lachnospiraceae|g__Enterocloster|s__Enterocloster_clostridioformis,25,22,23,25,17,194,195,214,223,212,2032,2162,2194,2153,2167,21840,21595,21683,21755,21620,216153,215529,216036,216014,215561,Bacteria,Firmicutes,Clostridia,Clostridiales,Lachnospiraceae,Enterocloster,Enterocloster_clostridioformis
61,k__Bacteria|p__Firmicutes|c__Clostridia|o__Clostridiales|f__Lachnospiraceae|g__Enterocloster|s__Enterocloster_lavalensis,3,0,2,0,1,9,16,17,12,19,153,170,147,144,152,1505,1522,1568,1558,1511,15301,15473,15241,15311,15242,Bacteria,Firmicutes,Clostridia,Clostridiales,Lachnospiraceae,Enterocloster,Enterocloster_lavalensis
62,k__Bacteria|p__Firmicutes|c__Clostridia|o__Clostridiales|f__Lachnospiraceae|g__Faecalicatena|s__Faecalicatena_contorta,0,0,1,0,0,3,1,1,0,2,15,14,9,10,16,127,120,132,132,138,1333,1348,1261,1308,1282,Bacteria,Firmicutes,Clostridia,Clostridiales,Lachnospiraceae,Faecalicatena,Faecalicatena_contorta
63,k__Bacteria|p__Firmicutes|c__Clostridia|o__Clostridiales|f__Lachnospiraceae|g__Faecalicatena|s__Faecalicatena_orotica,0,0,0,0,0,0,0,0,0,0,0,1,1,1,0,16,14,14,14,10,125,134,142,142,149,Bacteria,Firmicutes,Clostridia,Clostridiales,Lachnospiraceae,Faecalicatena,Faecalicatena_orotica
64,k__Bacteria|p__Firmicutes|c__Clostridia|o__Clostridiales|f__Lachnospiraceae|g__Faecalimonas|s__Faecalimonas_umbilicata,1,3,5,3,5,41,31,42,49,36,375,390,388,402,414,3925,3943,3996,4131,4063,40000,40156,39874,39901,39725,Bacteria,Firmicutes,Clostridia,Clostridiales,Lachnospiraceae,Faecalimonas,Faecalimonas_umbilicata
65,k__Bacteria|p__Firmicutes|c__Clostridia|o__Clostridiales|f__Lachnospiraceae|g__GGB3433|s__GGB3433_SGB4573,26,12,14,15,13,212,209,226,229,229,2150,2152,2046,2089,2076,20926,20890,20968,20863,20998,209740,209483,209078,208712,209406,Bacteria,Firmicutes,Clostridia,Clostridiales,Lachnospiraceae,GGB3433,GGB3433_SGB4573
66,k__Bacteria|p__Firmicutes|c__Clostridia|o__Clostridiales|f__Lachnospiraceae|g__GGB3743|s__GGB3743_SGB5086,0,0,0,0,0,0,1,0,1,3,13,8,3,9,8,94,106,89,94,74,846,855,837,894,851,Bacteria,Firmicutes,Clostridia,Clostridiales,Lachnospiraceae,GGB3743,GGB3743_SGB5086
67,k__Bacteria|p__Firmicutes|c__Clostridia|o__Clostridiales|f__Lachnospiraceae|g__GGB3746|s__GGB3746_SGB5089,0,0,0,0,1,1,3,2,2,2,12,17,11,12,8,132,150,140,129,148,1474,1429,1463,1460,1472,Bacteria,Firmicutes,Clostridia,Clostridiales,Lachnospiraceae,GGB3746,GGB3746_SGB5089
68,k__Bacteria|p__Firmicutes|c__Clostridia|o__Clostridiales|f__Lachnospiraceae|g__Lachnoclostridium|s__Clostridium_scindens,3,1,4,1,5,17,20,26,28,11,224,221,226,257,218,2303,2341,2389,2399,2367,23724,23669,23633,23775,23742,Bacteria,Firmicutes,Clostridia,Clostridiales,Lachnospiraceae,Lachnoclostridium,Clostridium_scindens
69,k__Bacteria|p__Firmicutes|c__Clostridia|o__Clostridiales|f__Lachnospiraceae|g__Lachnoclostridium|s__Clostridium_symbiosum,5,8,7,4,1,44,42,48,46,50,474,518,530,515,460,4989,4869,5009,4954,4854,49832,49789,50069,49795,49808,Bacteria,Firmicutes,Clostridia,Clostridiales,Lachnospiraceae,Lachnoclostridium,Clostridium_symbiosum
70,k__Bacteria|p__Firmicutes|c__Clostridia|o__Clostridiales|f__Lachnospiraceae|g__Lachnospiraceae_unclassified|s__Lachnospiraceae_bacterium,21,13,10,13,7,127,117,123,115,109,1123,1108,1224,1182,1120,11374,11558,11396,11493,11637,114848,115063,115361,115005,114777,Bacteria,Firmicutes,Clostridia,Clostridiales,Lachnospiraceae,Lachnospiraceae_unclassified,Lachnospiraceae_bacterium
71,k__Bacteria|p__Firmicutes|c__Clostridia|o__Clostridiales|f__Lachnospiraceae|g__Lachnospiraceae_unclassified|s__Lachnospiraceae_bacterium_NSJ_29,0,0,0,2,0,5,5,4,6,9,40,52,45,49,47,454,465,425,427,435,4305,4259,4308,4332,4370,Bacteria,Firmicutes,Clostridia,Clostridiales,Lachnospiraceae,Lachnospiraceae_unclassified,Lachnospiraceae_bacterium_NSJ_29
72,k__Bacteria|p__Firmicutes|c__Clostridia|o__Clostridiales|f__Lachnospiraceae|g__Mediterraneibacter|s__Mediterraneibacter_glycyrrhizinilyticus,1,0,0,0,1,5,2,2,4,2,33,37,22,26,29,331,358,361,362,302,3292,3379,3391,3299,3362,Bacteria,Firmicutes,Clostridia,Clostridiales,Lachnospiraceae,Mediterraneibacter,Mediterraneibacter_glycyrrhizinilyticus
73,k__Bacteria|p__Firmicutes|c__Clostridia|o__Clostridiales|f__Lachnospiraceae|g__Mediterraneibacter|s__Ruminococcus_gnavus,12,13,13,8,14,117,145,106,134,135,1183,1137,1138,1211,1192,11683,11753,11896,11879,11895,118534,118702,118701,118856,119150,Bacteria,Firmicutes,Clostridia,Clostridiales,Lachnospiraceae,Mediterraneibacter,Ruminococcus_gnavus
74,k__Bacteria|p__Firmicutes|c__Clostridia|o__Clostridiales|f__Lachnospiraceae|g__Mediterraneibacter|s__Ruminococcus_torques,41,48,58,45,55,479,458,453,457,453,4553,4558,4525,4518,4457,44965,45129,44929,45494,45536,452259,451268,452352,452059,452128,Bacteria,Firmicutes,Clostridia,Clostridiales,Lachnospiraceae,Mediterraneibacter,Ruminococcus_torques
75,k__Bacteria|p__Firmicutes|c__Clostridia|o__Clostridiales|f__Lachnospiraceae|g__Murimonas|s__Murimonas_intestini,0,0,0,0,1,0,1,0,1,0,1,2,7,5,2,42,31,24,37,34,332,338,336,340,356,Bacteria,Firmicutes,Clostridia,Clostridiales,Lachnospiraceae,Murimonas,Murimonas_intestini
76,k__Bacteria|p__Firmicutes|c__Clostridia|o__Clostridiales|f__Lachnospiraceae|g__Roseburia|s__Roseburia_faecis,56,50,48,47,53,492,543,571,498,531,5255,5236,5233,5413,5322,52966,52929,52688,53055,53007,529262,531685,529753,530241,530316,Bacteria,Firmicutes,Clostridia,Clostridiales,Lachnospiraceae,Roseburia,Roseburia_faecis
77,k__Bacteria|p__Firmicutes|c__Clostridia|o__Clostridiales|f__Lachnospiraceae|g__Sellimonas|s__Sellimonas_intestinalis,2,1,8,2,6,30,28,30,31,26,277,308,299,302,283,2953,3038,3013,3030,2985,30364,30591,30378,30492,30506,Bacteria,Firmicutes,Clostridia,Clostridiales,Lachnospiraceae,Sellimonas,Sellimonas_intestinalis
78,k__Bacteria|p__Firmicutes|c__Clostridia|o__Clostridiales|f__Oscillospiraceae|g__Dysosmobacter|s__Dysosmobacter_welbionis,2,0,1,1,3,3,10,7,7,6,60,60,64,72,62,700,641,669,680,687,6715,6614,6727,6660,6724,Bacteria,Firmicutes,Clostridia,Clostridiales,Oscillospiraceae,Dysosmobacter,Dysosmobacter_welbionis
79,k__Bacteria|p__Firmicutes|c__Clostridia|o__Clostridiales|f__Ruminococcaceae|g__Agathobaculum|s__Agathobaculum_butyriciproducens,5,1,6,5,3,37,52,45,40,48,496,448,471,455,485,4804,4707,4675,4887,4901,47831,47732,47555,47929,47553,Bacteria,Firmicutes,Clostridia,Clostridiales,Ruminococcaceae,Agathobaculum,Agathobaculum_butyriciproducens
80,k__Bacteria|p__Firmicutes|c__Clostridia|o__Clostridiales|f__Ruminococcaceae|g__Anaeromassilibacillus|s__Anaeromassilibacillus_sp_An250,2,0,0,1,0,3,6,1,8,2,35,48,47,40,35,451,443,404,399,435,4268,4383,4219,4264,4276,Bacteria,Firmicutes,Clostridia,Clostridiales,Ruminococcaceae,Anaeromassilibacillus,Anaeromassilibacillus_sp_An250
81,k__Bacteria|p__Firmicutes|c__Clostridia|o__Clostridiales|f__Ruminococcaceae|g__Bittarella|s__Bittarella_massiliensis,0,0,1,0,0,1,0,1,1,1,16,10,17,11,10,146,132,130,144,139,1301,1301,1264,1299,1330,Bacteria,Firmicutes,Clostridia,Clostridiales,Ruminococcaceae,Bittarella,Bittarella_massiliensis
82,k__Bacteria|p__Firmicutes|c__Clostridia|o__Clostridiales|f__Ruminococcaceae|g__Faecalibacterium|s__Faecalibacterium_prausnitzii,6,6,7,4,5,52,46,52,40,48,536,488,465,460,452,4757,4868,4703,4716,4789,47339,47091,47349,47510,47216,Bacteria,Firmicutes,Clostridia,Clostridiales,Ruminococcaceae,Faecalibacterium,Faecalibacterium_prausnitzii
83,k__Bacteria|p__Firmicutes|c__Clostridia|o__Clostridiales|f__Ruminococcaceae|g__Flavonifractor|s__Flavonifractor_plautii,1,1,2,3,0,9,4,8,6,5,62,60,64,54,59,558,618,588,588,603,5803,5832,5850,5760,5859,Bacteria,Firmicutes,Clostridia,Clostridiales,Ruminococcaceae,Flavonifractor,Flavonifractor_plautii
84,k__Bacteria|p__Firmicutes|c__Clostridia|o__Clostridiales|f__Ruminococcaceae|g__GGB9739|s__GGB9739_SGB15313,1,0,0,0,0,1,1,1,2,2,20,13,12,24,26,229,213,199,195,228,2155,2208,2130,2099,2196,Bacteria,Firmicutes,Clostridia,Clostridiales,Ruminococcaceae,GGB9739,GGB9739_SGB15313
85,k__Bacteria|p__Firmicutes|c__Clostridia|o__Clostridiales|f__Ruminococcaceae|g__Harryflintia|s__Harryflintia_acetispora,0,0,2,0,0,2,1,4,3,1,17,20,28,22,29,224,238,245,208,252,2384,2354,2339,2374,2373,Bacteria,Firmicutes,Clostridia,Clostridiales,Ruminococcaceae,Harryflintia,Harryflintia_acetispora
86,k__Bacteria|p__Firmicutes|c__Clostridia|o__Clostridiales|f__Ruminococcaceae|g__Massilimaliae|s__Massilimaliae_massiliensis,0,0,0,0,0,0,0,0,0,0,2,1,0,2,2,6,12,10,12,8,101,87,84,84,105,Bacteria,Firmicutes,Clostridia,Clostridiales,Ruminococcaceae,Massilimaliae,Massilimaliae_massiliensis
87,k__Bacteria|p__Firmicutes|c__Clostridia|o__Clostridiales|f__Ruminococcaceae|g__Neglecta|s__Neglecta_timonensis,9,9,11,7,14,127,92,111,97,90,957,972,957,940,928,9593,9741,9387,9617,9474,96030,95758,94899,95516,95643,Bacteria,Firmicutes,Clostridia,Clostridiales,Ruminococcaceae,Neglecta,Neglecta_timonensis
88,k__Bacteria|p__Firmicutes|c__Clostridia|o__Clostridiales|f__Ruminococcaceae|g__Neobittarella|s__Neobittarella_massiliensis,0,0,0,0,0,0,2,1,0,0,4,1,4,5,2,41,34,44,48,42,454,470,420,453,439,Bacteria,Firmicutes,Clostridia,Clostridiales,Ruminococcaceae,Neobittarella,Neobittarella_massiliensis
89,k__Bacteria|p__Firmicutes|c__Clostridia|o__Clostridiales|f__Ruminococcaceae|g__Phocea|s__Phocea_massiliensis,0,0,0,0,0,1,1,0,0,0,0,1,2,2,1,20,20,22,16,24,193,198,196,200,196,Bacteria,Firmicutes,Clostridia,Clostridiales,Ruminococcaceae,Phocea,Phocea_massiliensis
90,k__Bacteria|p__Firmicutes|c__Clostridia|o__Clostridiales|f__Ruminococcaceae|g__Ruminococcaceae_unclassified|s__Clostridium_leptum,0,0,0,0,0,0,2,1,0,0,17,19,18,9,10,101,93,119,135,94,975,1033,1027,1018,1030,Bacteria,Firmicutes,Clostridia,Clostridiales,Ruminococcaceae,Ruminococcaceae_unclassified,Clostridium_leptum
91,k__Bacteria|p__Firmicutes|c__Clostridia|o__Clostridiales|f__Ruminococcaceae|g__Ruminococcus|s__Ruminococcus_bromii,109,110,97,105,92,949,918,961,965,978,9364,9424,9466,9481,9377,94444,94979,94159,93930,94547,941087,942361,940487,941959,942180,Bacteria,Firmicutes,Clostridia,Clostridiales,Ruminococcaceae,Ruminococcus,Ruminococcus_bromii
92,k__Bacteria|p__Firmicutes|c__Clostridia|o__Clostridiales|f__Ruminococcaceae|g__Ruminococcus|s__Ruminococcus_gauvreauii,0,0,0,0,0,1,1,0,0,0,0,3,1,1,2,17,15,19,18,20,183,207,161,188,190,Bacteria,Firmicutes,Clostridia,Clostridiales,Ruminococcaceae,Ruminococcus,Ruminococcus_gauvreauii
93,k__Bacteria|p__Firmicutes|c__Clostridia|o__Clostridiales|f__Ruminococcaceae|g__Ruthenibacterium|s__Ruthenibacterium_lactatiformans,0,0,0,0,1,1,0,0,0,0,8,5,9,8,7,69,73,88,84,85,785,785,777,785,787,Bacteria,Firmicutes,Clostridia,Clostridiales,Ruminococcaceae,Ruthenibacterium,Ruthenibacterium_lactatiformans
94,k__Bacteria|p__Firmicutes|c__Erysipelotrichia|o__Erysipelotrichales|f__Erysipelotrichaceae|g__Dielma|s__Dielma_fastidiosa,0,0,0,0,0,0,0,0,0,0,3,5,5,8,8,49,50,60,66,56,545,506,532,541,527,Bacteria,Firmicutes,Erysipelotrichia,Erysipelotrichales,Erysipelotrichaceae,Dielma,Dielma_fastidiosa
95,k__Bacteria|p__Firmicutes|c__Erysipelotrichia|o__Erysipelotrichales|f__Erysipelotrichaceae|g__Erysipelatoclostridium|s__Clostridium_innocuum,3,1,1,1,3,12,18,20,18,27,202,205,222,193,224,1932,1961,1921,1996,1984,19724,19776,19936,19703,19910,Bacteria,Firmicutes,Erysipelotrichia,Erysipelotrichales,Erysipelotrichaceae,Erysipelatoclostridium,Clostridium_innocuum
96,k__Bacteria|p__Firmicutes|c__Erysipelotrichia|o__Erysipelotrichales|f__Erysipelotrichaceae|g__Erysipelatoclostridium|s__Erysipelatoclostridium_ramosum,1,1,1,2,3,12,11,12,12,12,115,147,136,152,141,1341,1408,1316,1367,1329,13582,13531,13749,13622,13448,Bacteria,Firmicutes,Erysipelotrichia,Erysipelotrichales,Erysipelotrichaceae,Erysipelatoclostridium,Erysipelatoclostridium_ramosum
97,k__Bacteria|p__Firmicutes|c__Erysipelotrichia|o__Erysipelotrichales|f__Erysipelotrichaceae|g__Erysipelotrichaceae_unclassified|s__Erysipelotrichaceae_bacterium_3_1_53,0,1,0,0,2,5,8,3,6,6,51,50,36,50,39,494,469,475,488,474,4871,4806,4745,4867,4841,Bacteria,Firmicutes,Erysipelotrichia,Erysipelotrichales,Erysipelotrichaceae,Erysipelotrichaceae_unclassified,Erysipelotrichaceae_bacterium_3_1_53
98,k__Bacteria|p__Firmicutes|c__Erysipelotrichia|o__Erysipelotrichales|f__Erysipelotrichaceae|g__Faecalibacillus|s__Faecalibacillus_intestinalis,0,1,0,0,1,1,3,1,3,2,16,15,16,24,20,177,183,177,186,164,1723,1714,1703,1727,1712,Bacteria,Firmicutes,Erysipelotrichia,Erysipelotrichales,Erysipelotrichaceae,Faecalibacillus,Faecalibacillus_intestinalis
99,k__Bacteria|p__Firmicutes|c__Erysipelotrichia|o__Erysipelotrichales|f__Erysipelotrichaceae|g__Holdemania|s__Holdemania_filiformis,0,0,0,0,0,1,0,1,1,0,7,9,9,7,5,81,63,65,74,67,712,692,693,667,651,Bacteria,Firmicutes,Erysipelotrichia,Erysipelotrichales,Erysipelotrichaceae,Holdemania,Holdemania_filiformis
100,k__Bacteria|p__Firmicutes|c__Erysipelotrichia|o__Erysipelotrichales|f__Erysipelotrichaceae|g__Longibaculum|s__Longibaculum_muris,3,2,2,4,2,42,46,41,47,47,434,474,419,478,419,4316,4354,4395,4344,4462,43500,43435,43833,43660,43651,Bacteria,Firmicutes,Erysipelotrichia,Erysipelotrichales,Erysipelotrichaceae,Longibaculum,Longibaculum_muris
101,k__Bacteria|p__Firmicutes|c__Erysipelotrichia|o__Erysipelotrichales|f__Erysipelotrichaceae|g__Longicatena|s__Longicatena_caecimuris,31,21,28,40,45,314,288,268,324,275,2964,2941,3007,2962,2886,29354,29140,29487,29185,29456,292098,293807,292240,291988,292608,Bacteria,Firmicutes,Erysipelotrichia,Erysipelotrichales,Erysipelotrichaceae,Longicatena,Longicatena_caecimuris
102,k__Bacteria|p__Firmicutes|c__Erysipelotrichia|o__Erysipelotrichales|f__Erysipelotrichaceae|g__Turicibacter|s__Turicibacter_sanguinis,1,2,1,0,2,29,30,17,24,40,259,220,244,257,255,2463,2480,2421,2488,2403,24854,24699,24832,24728,24879,Bacteria,Firmicutes,Erysipelotrichia,Erysipelotrichales,Erysipelotrichaceae,Turicibacter,Turicibacter_sanguinis
103,k__Bacteria|p__Firmicutes|c__Negativicutes|o__Veillonellales|f__Veillonellaceae|g__Dialister|s__Dialister_invisus,10,9,13,10,10,81,79,87,76,93,885,830,896,851,905,8895,8914,9055,9037,9248,89250,89370,89291,89951,89532,Bacteria,Firmicutes,Negativicutes,Veillonellales,Veillonellaceae,Dialister,Dialister_invisus
104,k__Bacteria|p__Proteobacteria|c__Betaproteobacteria|o__Burkholderiales|f__Oxalobacteraceae|g__GGB6649|s__GGB6649_SGB9391,0,0,1,0,0,1,1,0,3,6,16,16,18,20,10,151,138,148,133,128,1309,1243,1289,1260,1321,Bacteria,Proteobacteria,Betaproteobacteria,Burkholderiales,Oxalobacteraceae,GGB6649,GGB6649_SGB9391
105,k__Bacteria|p__Proteobacteria|c__Deltaproteobacteria|o__Desulfovibrionales|f__Desulfovibrionaceae|g__Bilophila|s__Bilophila_wadsworthia,0,1,0,0,0,1,5,2,1,2,20,12,22,13,17,148,158,153,147,140,1445,1430,1457,1382,1468,Bacteria,Proteobacteria,Deltaproteobacteria,Desulfovibrionales,Desulfovibrionaceae,Bilophila,Bilophila_wadsworthia
106,k__Bacteria|p__Proteobacteria|c__Gammaproteobacteria|o__Enterobacterales|f__Enterobacteriaceae|g__Escherichia|s__Escherichia_coli,40,38,39,37,32,351,359,334,364,357,3400,3547,3460,3508,3441,34352,34476,34294,34227,34440,343448,343198,342263,342571,343779,Bacteria,Proteobacteria,Gammaproteobacteria,Enterobacterales,Enterobacteriaceae,Escherichia,Escherichia_coli
107,k__Bacteria|p__Verrucomicrobia|c__Verrucomicrobiae|o__Verrucomicrobiales|f__Akkermansiaceae|g__Akkermansia|s__Akkermansia_sp_KLE1605,0,0,0,2,0,2,4,3,4,4,24,39,36,30,18,340,362,364,330,330,3356,3358,3324,3321,3298,Bacteria,Verrucomicrobia,Verrucomicrobiae,Verrucomicrobiales,Akkermansiaceae,Akkermansia,Akkermansia_sp_KLE1605
108,k__Eukaryota|p__Ascomycota|c__Saccharomycetes|o__Saccharomycetales|f__Debaryomycetaceae|g__Candida|s__Candida_albicans,69,90,87,71,79,855,793,865,777,788,8056,7986,8029,7948,8211,81001,80711,80656,80861,80382,807685,806655,807547,807417,807438,Eukaryota,Ascomycota,Saccharomycetes,Saccharomycetales,Debaryomycetaceae,Candida,Candida_albicans
